1	KLF4_MOUSE.H11MO.0.A	2	3.38163e-06	0.00179564	0.00105076	7	CCCACCC	GCCACACCCACTCCA	-
2	KLF4_MOUSE.H11MO.0.A	7	0.000121838	0.0646962	0.00974896	7	GGAGGGG	TGGAGTGGGTGTGGC	+
