3	SOX2_MOUSE.H11MO.1.A	3	4.48721e-09	2.38271e-06	4.66309e-06	7	AACAAAG	CAGAACAAAGGAA	-
3	SOX2_MOUSE.H11MO.0.A	7	1.48757e-05	0.00789902	0.00193235	7	AACAAAG	TTTGCATAACAAAGGA	-
